{"schemaVersion":"1.0","appDefinitionTemplate":{"id":"/providers/Microsoft.PowerApps/apps/","type":"Microsoft.PowerApps/apps","tags":{"primaryDeviceWidth":"1366","primaryDeviceHeight":"768","supportsPortrait":"true","supportsLandscape":"true","primaryFormFactor":"Tablet","showStatusBar":"false","publisherVersion":"3.24123.10","minimumRequiredApiVersion":"2.2.0","hasComponent":"false","hasUnlockedComponent":"false","isUnifiedRootApp":"false","sienaVersion":"20250110T081657Z-3.24123.10.0"},"properties":{"appVersion":"2025-01-10T08:16:57Z","lifeCycleId":"Published","createdByClientVersion":{"major":3,"minor":24123,"build":10,"revision":0,"majorRevision":0,"minorRevision":0},"minClientVersion":{"major":3,"minor":24123,"build":10,"revision":0,"majorRevision":0,"minorRevision":0},"backgroundColor":"RGBA(0,176,240,1)","backgroundImageUri":"/10644399704527843649/N738a1e0b-f4d2-4603-8447-5d498a29241e-logoSmallFile","displayName":"ACB - Wrld_Engine","description":"","commitMessage":"","appUris":{"documentUri":{"value":"/10644399704527843649/N4d3c28b3-217c-46e6-9578-5fb81026677d-document.msapp"},"imageUris":[],"additionalUris":[{"isSolutionAware":false,"value":"/10644399704527843649/N12f03d29-9d90-473e-b23d-4e6cbb47899f-identity.json"}]},"createdTime":"0001-01-01T00:00:00Z","lastModifiedTime":"0001-01-01T00:00:00Z","sharedGroupsCount":0,"sharedUsersCount":0,"connectionReferences":{},"databaseReferences":{},"almMode":"Environment","performanceOptimizationEnabled":false,"canConsumeAppPass":false,"enableModernRuntimeMode":false,"executionRestrictions":{"isTeamsOnly":false,"dataLossPreventionEvaluationResult":{"status":"Compliant","lastEvaluationDate":"2025-01-10T08:17:00.3934435Z","violations":[],"violationsByPolicy":[],"violationErrorMessage":"The app uses the following connectors: ."}}},"isAppComponentLibrary":false,"appType":"ClassicCanvasApp","appComponents":[]}}